<?xml version="1.0" encoding="UTF-8"?>

<!-- Sample Master Suite File containing all relevant Suite Files -->
<suite name="CompanySetup">

	<suite-files>
		<suite-file path="./src/main/resources/suitefile/webpage.xml" />
		<!-- <suite-file path="./src/main/resources/suitefile/homepage.xml" /> --> 
		<!-- <suite-file path="./src/main/resources/suitefile/contactus.xml" /> -->
		<!-- <suite-file path="./src/main/resources/suitefile/googlesearch.xml" /> -->
		<!-- <suite-file path="./src/main/resources/suitefile/registrationAndLoginTestScript.xml" /> -->
		<!-- <suite-file path="./src/main/resources/suitefile/userlogin.xml" />-->
	</suite-files>

</suite>